ticker,spot,vol_30d,corr_3m,corr_6m,corr_12m,put_pct_3m,put_pct_6m,put_pct_12m,hedge_cost_3m,hedge_cost_6m,hedge_cost_12m,ytd_return,1y_return,score_long,score_short
GTLB,25.9700,0.690075,0.355927,0.196924,0.074810,0.173777,0.233626,0.306308,43444.15,58406.58,76576.90,-0.282200,-0.634791,-0.042696,0.229306
XLF,51.8700,0.194590,0.345314,0.186955,0.041258,0.044433,0.057339,0.070935,11108.22,14334.80,17733.82,-0.055707,0.332121,0.272689,0.489684
BILL,43.2000,1.135880,0.337247,0.189123,0.085405,0.276477,0.366644,0.471295,69119.37,91660.99,117823.75,-0.145570,-0.323944,-0.121221,0.121221
VRNS,22.7200,0.810440,0.331811,0.071033,0.051303,0.202536,0.271455,0.354335,50634.07,67863.77,88583.82,-0.290886,-0.549653,-0.098738,0.114562
DIA,494.8200,0.136558,0.321717,0.133324,-0.013378,0.028542,0.035473,0.041564,7135.45,8868.30,10390.89,0.024779,0.307415,0.292720,0.470901
SF,115.0300,0.322526,0.312110,0.178821,0.038114,0.079927,0.106776,0.138816,19981.87,26693.89,34703.96,-0.103499,0.564754,0.262436,0.477781
CAVA,85.6700,0.868852,0.310093,0.165928,0.079690,0.216209,0.289283,0.376677,54052.17,72320.80,94169.13,0.414864,0.696436,-0.110381,0.110381
COIN,183.9400,0.965032,0.304626,0.125584,0.026480,0.238332,0.317916,0.412150,59583.07,79479.04,103037.38,-0.222340,-0.051562,-0.097642,0.097642
DT,35.1400,0.501565,0.294963,0.173047,0.101619,0.127000,0.171132,0.225139,31749.92,42782.90,56284.79,-0.170248,-0.290531,0.119015,0.358734
PIPR,311.0000,0.502796,0.291036,0.156122,0.023339,0.127313,0.171554,0.225696,31828.20,42888.54,56423.96,-0.111352,0.746019,0.129401,0.346424
PCOR,52.8000,0.655576,0.289166,0.126802,0.023592,0.165382,0.222501,0.292024,41345.46,55625.14,73006.04,-0.246145,-0.290132,0.016026,0.223368
ARKK,73.5400,0.387987,0.286449,0.089631,-0.040010,0.097550,0.131089,0.171834,24387.55,32772.37,42958.57,-0.060912,0.468450,0.237424,0.419536
VUG,470.3200,0.174564,0.279049,0.093259,-0.026842,0.038921,0.049721,0.060622,9730.14,12430.20,15155.48,-0.032661,0.405200,0.310378,0.452512
SPY,693.1500,0.126331,0.275441,0.079744,-0.039403,0.025776,0.031708,0.036599,6444.03,7926.88,9149.63,0.014608,0.403754,0.314987,0.448750
XLK,143.0100,0.247981,0.269699,0.101553,-0.011459,0.059216,0.077876,0.098996,14804.00,19469.09,24749.10,-0.008940,0.410168,0.308857,0.451880
NCNO,15.8100,0.617984,0.266867,0.168844,0.092000,0.156154,0.210226,0.276183,39038.45,52556.55,69045.81,-0.358621,-0.470529,0.037332,0.259819
MDB,314.9900,0.667125,0.266349,0.173453,0.084309,0.168200,0.226240,0.296832,42049.96,56559.89,74208.08,-0.211835,-0.301264,-0.000186,0.221886
HOOD,77.5300,0.816596,0.260473,0.162880,0.034123,0.203986,0.273350,0.356719,50996.46,68337.49,89179.74,-0.327055,3.973060,-0.092963,0.106324
HUBS,245.7000,0.831793,0.257784,0.164098,0.078337,0.207555,0.278011,0.362574,51888.84,69502.84,90643.38,-0.357193,-0.595196,-0.096894,0.104177
TENB,19.0000,0.649785,0.256927,0.158127,0.056641,0.163966,0.220620,0.289603,40991.45,55155.02,72400.73,-0.164100,-0.598309,0.020522,0.227752
HLI,165.9900,0.312233,0.255940,0.096888,0.007095,0.077094,0.102833,0.133400,19273.50,25708.21,33349.99,-0.058693,0.304014,0.300238,0.448480
XLC,116.5000,0.153125,0.251038,0.062174,-0.031764,0.033050,0.041642,0.049771,8262.40,10410.56,12442.64,-0.003422,0.517541,0.322766,0.440585
PJT,149.2900,0.373433,0.250220,0.110266,0.019535,0.093683,0.125781,0.164675,23420.81,31445.30,41168.77,-0.119441,0.458433,0.249054,0.431150
ESTC,58.0000,0.600764,0.249408,0.149735,0.055764,0.151898,0.204549,0.268827,37974.44,51137.33,67206.84,-0.200661,-0.556236,0.061459,0.262236
XLP,89.0100,0.130666,-0.247834,-0.148270,-0.110461,0.026947,0.033299,0.038692,6736.66,8324.81,9673.11,0.145707,0.262233,0.487091,0.276602
QQQ,616.6800,0.171404,0.246426,0.056979,-0.044002,0.038053,0.048525,0.059009,9513.30,12131.18,14752.29,0.005806,0.428223,0.325729,0.437235
MSTR,135.6500,1.128303,0.245611,0.082612,0.037830,0.274816,0.364539,0.468774,68704.09,91134.83,117193.45,-0.136867,0.703119,-0.077577,0.077577
OKTA,73.0050,0.539277,0.244776,0.155962,0.007269,0.136545,0.183986,0.242023,34136.13,45996.38,60505.79,-0.127152,-0.154252,0.114157,0.304788
LPLA,318.4700,0.488834,0.241477,0.176668,0.106605,0.123754,0.166747,0.219357,30938.42,41686.86,54839.21,-0.119349,0.198305,0.141306,0.356366
NVCR,14.9900,1.119451,0.239406,0.201238,0.072173,0.272872,0.362074,0.465816,68218.02,90518.47,116454.12,0.142530,0.006040,-0.097254,0.097254
SHAK,92.1300,0.439674,0.239314,0.169578,0.064753,0.111097,0.149587,0.196602,27774.32,37396.77,49150.39,0.103750,-0.088994,0.185744,0.389225
RJF,158.3400,0.354891,0.236366,0.134841,0.030518,0.088717,0.118944,0.155415,22179.33,29735.90,38853.73,-0.032152,0.371354,0.262598,0.447337
DDOG,110.3300,0.776165,0.234098,0.123316,0.058861,0.194428,0.260835,0.340937,48607.09,65208.82,85234.22,-0.175226,-0.147043,-0.065017,0.120799
BRZE,17.5900,0.754523,0.232898,0.120784,0.063772,0.189276,0.254068,0.332364,47318.93,63517.01,83091.10,-0.459601,-0.696620,-0.048442,0.136996
MKTX,180.5100,0.260230,0.232181,0.127712,0.120021,0.062621,0.082622,0.105520,15655.15,20655.51,26379.99,0.015433,-0.130805,0.300957,0.459365
LULU,182.5500,0.472404,0.229912,0.078639,0.038198,0.119546,0.161054,0.211830,29886.51,40263.60,52957.40,-0.134054,-0.610144,0.178626,0.344813
HYG,80.9200,0.019873,0.224804,0.054355,-0.037096,0.000615,0.000288,0.000065,153.71,71.91,16.37,0.008057,0.181025,0.326382,0.427672
MOO,85.0000,0.146889,-0.224413,-0.178292,-0.112137,0.031349,0.039311,0.046660,7837.32,9827.83,11665.05,0.153637,0.240810,0.485792,0.277671
VXF,217.6800,0.178070,0.218469,0.054682,-0.043217,0.039884,0.051050,0.062417,9971.01,12762.59,15604.22,0.028588,0.324546,0.332904,0.429900
BITF,2.3100,1.083605,0.216712,0.092335,0.012264,0.264960,0.352018,0.453711,66239.94,88004.54,113427.66,-0.111538,-0.358333,-0.069255,0.069255
IWO,338.8500,0.207276,0.214283,0.067797,-0.039443,0.047935,0.062193,0.077537,11983.83,15548.19,19384.30,0.035858,0.319623,0.331211,0.430803
XLU,47.3600,0.149113,-0.214125,-0.186659,-0.139198,0.031955,0.040141,0.047767,7988.78,10035.34,11941.64,0.096804,0.654915,0.487162,0.276263
IBKR,73.6500,0.444611,0.213984,0.080135,0.014028,0.112378,0.151328,0.198919,28094.38,37831.99,49729.80,0.095493,1.764500,0.206670,0.360509
PATH,9.9400,0.566647,0.213261,0.064950,0.052271,0.143410,0.193197,0.254061,35852.40,48299.29,63515.30,-0.374055,-0.586006,0.109942,0.266511
EQT,59.3800,0.359120,0.197183,0.035677,-0.014024,0.089854,0.120511,0.157542,22463.51,30127.74,39385.40,0.113868,0.662072,0.288326,0.414816
DIN,30.6900,0.372272,0.196339,0.131332,0.038207,0.093373,0.125355,0.164100,23343.36,31338.85,41024.92,-0.076159,-0.239950,0.258426,0.423636
CNX,38.7400,0.349633,0.195673,0.045537,-0.009092,0.087301,0.116988,0.152759,21825.16,29247.09,38189.63,0.062534,0.853589,0.294356,0.423742
GMED,96.2200,0.247246,0.192834,-0.044788,-0.094529,0.059012,0.077592,0.098606,14752.95,19397.97,24651.44,0.102176,0.720980,0.358343,0.402418
PALL,162.4900,0.700481,0.190892,0.124197,0.101189,0.176295,0.236957,0.310569,44073.74,59239.14,77642.28,0.090683,0.846687,-0.001106,0.171837
MDY,655.6400,0.150985,0.188380,0.014291,-0.048956,0.032466,0.040841,0.048700,8116.40,10210.29,12175.09,0.072516,0.288111,0.347352,0.416039
IJH,71.7800,0.151197,0.187660,0.010793,-0.050143,0.032524,0.040921,0.048807,8130.90,10230.18,12201.65,0.072784,0.294751,0.348174,0.415213
IWM,264.5800,0.186349,0.187385,0.053285,-0.049055,0.042162,0.054197,0.066673,10540.41,13549.22,16668.34,0.063510,0.345776,0.341364,0.421231
IWR,102.6300,0.139181,0.187233,0.027748,-0.048062,0.029253,0.036445,0.042850,7313.35,9111.16,10712.59,0.054562,0.317640,0.345628,0.417957
APG,44.7600,0.205246,0.187179,0.054740,-0.010580,0.047374,0.061415,0.076478,11843.60,15353.72,19119.41,0.148576,0.875943,0.337089,0.424984
BIRK,39.6600,0.436464,0.186334,0.109334,0.010711,0.110263,0.148453,0.195090,27565.87,37113.17,48772.53,-0.050515,-0.222353,0.215965,0.364074
NVST,29.5900,0.572614,0.185283,0.092066,0.018435,0.144900,0.195193,0.256662,36224.89,48798.19,64165.61,0.364223,0.349909,0.111631,0.255579
CRS,395.6100,0.471710,-0.184156,-0.149800,-0.100225,0.119368,0.160813,0.211510,29841.94,40203.23,52877.46,0.169939,5.225790,0.330796,0.193733
EVR,318.9400,0.464038,0.183697,0.062518,-0.013526,0.117395,0.158140,0.207967,29348.78,39534.92,51991.87,-0.092037,0.789875,0.204343,0.332241
BROS,50.8500,0.520635,0.181989,0.094271,-0.065016,0.131839,0.177656,0.233721,32959.77,44413.92,58430.37,-0.181950,0.765012,0.160851,0.287124
MIDD,157.7800,0.259743,0.179754,0.042662,0.001115,0.062485,0.082433,0.105260,15621.28,20608.27,26315.00,0.046495,0.018790,0.338720,0.421619
VTV,206.6500,0.103865,0.179434,0.048384,-0.044223,0.019764,0.023593,0.026060,4941.05,5898.17,6514.91,0.071780,0.391261,0.344206,0.419593
AMT,182.4800,0.317346,-0.177605,-0.088028,-0.038607,0.078504,0.104796,0.136099,19626.01,26199.06,34024.86,0.043936,0.040275,0.436772,0.307716
IRM,111.7800,0.381616,0.171629,0.131584,0.026266,0.095860,0.128772,0.168711,23965.11,32192.90,42177.81,0.342864,0.580361,0.258292,0.408835
CRWD,363.3100,0.587197,0.169672,0.054916,0.029080,0.148531,0.200052,0.262986,37132.80,50012.93,65746.55,-0.199017,0.131701,0.108761,0.235888
WEAT,21.7500,0.201693,0.164286,0.076662,-0.008503,0.046393,0.060054,0.074626,11598.25,15013.59,18656.45,0.087500,-0.188433,0.339367,0.422808
RPD,6.2700,1.073991,0.162393,0.153525,0.085364,0.262827,0.349301,0.450428,65706.73,87325.35,112607.02,-0.560617,-0.887936,-0.072163,0.072163
KWEB,32.2400,0.214493,0.158899,0.041201,0.019939,0.049931,0.064962,0.081314,12482.76,16240.55,20328.39,-0.095145,0.371791,0.343002,0.418799
ONON,46.6500,0.371473,0.157133,0.035597,-0.028240,0.093160,0.125062,0.163704,23290.09,31265.60,40925.92,-0.006390,0.422690,0.289872,0.393469
SOXX,368.0000,0.321266,0.153806,-0.019338,-0.064977,0.079582,0.106295,0.138157,19895.44,26573.77,34539.22,0.173133,0.740674,0.343068,0.398187
ESAB,124.7800,0.397430,0.150275,0.064435,-0.002952,0.100046,0.134509,0.176433,25011.52,33627.14,44108.17,0.108466,0.293055,0.264020,0.377897
XLY,117.0900,0.166486,0.148148,-0.029556,-0.071111,0.036704,0.046666,0.056507,9176.06,11666.55,14126.79,-0.010646,0.309705,0.366046,0.397030
AR,34.4100,0.423362,0.147825,0.007307,-0.031328,0.106851,0.143804,0.188887,26712.72,35951.09,47221.77,0.005846,0.353659,0.255459,0.345298
STAG,38.5600,0.234404,-0.146244,-0.158212,-0.066699,0.055447,0.072629,0.091798,13861.81,18157.29,22949.58,0.044420,0.101250,0.457553,0.303628
NTRA,211.8300,0.412610,0.145875,0.137762,-0.002634,0.104038,0.139966,0.183753,26009.48,34991.54,45938.23,-0.074331,1.855236,0.242029,0.375769
APPF,166.6900,0.514617,0.145830,0.136482,0.099686,0.130315,0.175602,0.231023,32578.67,43900.54,57755.74,-0.276425,-0.303106,0.151783,0.305580
RRC,39.1300,0.347388,0.145370,-0.010806,-0.034449,0.086694,0.116151,0.151620,21673.61,29037.77,37904.94,0.108499,0.270123,0.319726,0.400190
CAKE,65.9400,0.377873,0.141313,0.098570,0.030592,0.094866,0.127406,0.166869,23716.43,31851.47,41717.23,0.248627,0.940691,0.273379,0.399725
FANG,167.7700,0.298839,-0.139884,-0.099017,-0.094134,0.073374,0.097640,0.126235,18343.58,24409.96,31558.81,0.101287,0.017539,0.448711,0.310237
ROIV,28.6600,0.659293,0.139365,0.092936,-0.016283,0.166290,0.223705,0.293574,41572.40,55926.37,73393.62,0.306886,1.449573,0.059695,0.174002
PPLT,207.2600,0.850231,0.139289,0.113556,0.087914,0.211870,0.283636,0.369621,52967.45,70909.10,92405.26,0.065604,1.556871,-0.060647,0.060647
IWN,199.7600,0.173176,0.137823,0.026079,-0.057146,0.038540,0.049195,0.059913,9634.90,12298.84,14978.30,0.092361,0.370349,0.358808,0.404114
OVV,49.3300,0.365590,-0.136606,-0.117808,-0.072212,0.091588,0.122900,0.160778,22897.08,30724.92,40194.53,0.218326,0.136225,0.395425,0.297338
MC,62.7200,0.409064,0.135375,0.055291,-0.030399,0.103107,0.138695,0.182050,25776.85,34673.78,45512.55,-0.110581,0.269912,0.262616,0.360811
XLV,157.8300,0.131143,0.133824,0.036153,-0.038657,0.027076,0.033475,0.038924,6768.89,8368.68,9730.93,0.014919,0.109154,0.356831,0.406857
IRTC,135.9000,0.545717,0.130901,0.133566,0.084943,0.138164,0.186161,0.244871,34541.08,46540.37,61217.84,-0.224404,0.280746,0.133212,0.275721
INDA,52.7400,0.160012,0.128577,0.107334,0.025200,0.034931,0.044227,0.053231,8732.85,11056.74,13307.79,-0.033358,0.030286,0.340843,0.422372
URA,55.1900,0.608358,0.123904,0.146694,0.080852,0.153777,0.207057,0.272079,38444.23,51764.26,68019.77,0.198220,1.158380,0.084926,0.227057
AA,64.9000,0.561123,0.123652,0.013036,-0.021736,0.142028,0.191346,0.251646,35507.03,47836.41,62911.41,0.147860,1.624570,0.151814,0.233203
NOV,20.1600,0.380987,-0.116929,-0.144831,-0.096733,0.095694,0.128543,0.168402,23923.39,32135.63,42100.58,0.228519,0.260127,0.384695,0.283435
SRPT,18.9700,0.687377,0.115743,-0.023532,-0.087879,0.173123,0.232761,0.305199,43280.65,58190.24,76299.79,-0.109808,-0.862187,0.068747,0.121983
SOFI,19.2900,0.470863,0.115104,-0.014470,-0.079744,0.119150,0.160518,0.211120,29787.56,40129.57,52779.91,-0.297524,1.258782,0.234298,0.291560
IONS,80.9300,0.313363,-0.113708,-0.018138,-0.074444,0.077406,0.103267,0.133998,19351.48,25816.86,33499.48,0.015815,0.755532,0.417138,0.330644
UNG,11.6000,1.186410,-0.112826,-0.098591,-0.079851,0.287484,0.380548,0.487872,71871.00,95137.06,121968.04,-0.038143,-0.257362,0.050980,-0.050980
REMX,98.2000,0.550368,0.111908,0.040767,-0.000911,0.139332,0.187730,0.246922,34833.11,46932.42,61730.57,0.278979,1.099175,0.156853,0.244855
SQM,79.5400,0.555094,0.111678,0.071126,-0.009351,0.140518,0.189321,0.249001,35129.50,47330.14,62250.33,0.140685,0.810897,0.149532,0.244839
TRGP,230.1400,0.226972,0.105996,-0.009508,-0.057366,0.053387,0.069763,0.087874,13346.70,17440.85,21968.61,0.238356,1.463684,0.371373,0.390045
EWZ,39.5900,0.267000,-0.105205,-0.071046,-0.061772,0.064504,0.085249,0.109136,16125.92,21312.20,27283.96,0.229503,0.355156,0.433180,0.326909
DOCN,59.2700,0.721523,0.104590,0.049303,-0.053209,0.181369,0.243656,0.319122,45342.22,60913.96,79780.60,0.210333,0.637745,0.031115,0.107559
DBA,26.1200,0.049842,0.104018,0.023463,-0.016369,0.006146,0.006036,0.004953,1536.47,1509.12,1238.26,0.021909,0.258638,0.362831,0.398605
MARA,8.5700,1.090754,0.103068,0.041352,-0.017444,0.266543,0.354033,0.456142,66635.68,88508.20,114035.40,-0.135217,-0.706406,-0.030225,0.030225
CRL,167.5600,0.503095,0.102818,0.033762,-0.025649,0.127389,0.171657,0.225831,31847.20,42914.18,56457.73,-0.172216,-0.328578,0.199475,0.275883
GGG,92.3500,0.187639,-0.102506,-0.168293,-0.141700,0.042517,0.054688,0.067339,10629.24,13672.04,16834.75,0.121276,0.054229,0.456321,0.306240
TNDM,26.0100,0.989950,-0.099843,-0.094248,-0.003848,0.243987,0.325191,0.421080,60996.67,81297.76,105269.92,0.206961,-0.098753,0.039483,-0.039483
PATK,128.3700,0.358610,-0.098545,-0.034629,0.001381,0.089717,0.120322,0.157285,22429.25,30080.51,39321.35,0.162456,0.723959,0.371673,0.332288
NET,171.8000,0.762566,-0.094670,-0.043503,-0.051153,0.191194,0.256589,0.335561,47798.41,64147.16,83890.13,-0.123559,0.733952,0.063491,0.012875
GNRC,236.5800,0.579318,0.085764,0.046122,0.011599,0.146571,0.197430,0.259575,36642.67,49357.40,64893.83,0.676683,1.141965,0.138898,0.217936
PCVX,63.0400,0.484716,-0.085746,-0.059229,-0.094016,0.122701,0.165324,0.217477,30675.26,41331.07,54369.28,0.356866,-0.201722,0.281784,0.222340
UFPI,104.6300,0.291464,-0.084198,-0.103675,-0.080318,0.071318,0.094765,0.122262,17829.40,23691.15,30565.41,0.135062,-0.037151,0.434242,0.324976
LIT,77.0900,0.325387,0.084022,-0.026135,-0.028594,0.080711,0.107865,0.140308,20177.87,26966.16,35077.10,0.163271,0.798394,0.354552,0.383313
WOR,57.1200,0.221371,0.082978,0.044200,0.075741,0.051835,0.067607,0.084925,12958.79,16901.69,21231.32,0.099307,-0.051581,0.355847,0.405744
CANE,9.3300,0.189948,0.081648,0.097061,0.078084,0.043153,0.055568,0.068532,10788.26,13892.00,17132.93,-0.026096,-0.304769,0.348470,0.414029
MP,58.6600,0.769044,0.081608,0.060823,0.006647,0.192736,0.258614,0.338126,48183.95,64653.48,84531.48,0.067127,2.987763,-0.006912,0.073469
RRX,220.4000,0.498642,0.078692,-0.015830,-0.022735,0.126255,0.170127,0.223815,31563.84,42531.72,55953.77,0.508556,0.339390,0.216135,0.266185
ALLE,155.6300,0.338551,-0.078028,-0.155182,-0.110343,0.084301,0.112841,0.147110,21075.21,28210.23,36777.62,-0.032813,0.238503,0.411947,0.315151
ICLR,101.0000,1.637252,0.077818,0.021717,-0.010946,0.380377,0.494881,0.618407,95094.17,123720.17,154601.79,-0.464674,-0.683117,-0.021618,0.021618
TREX,41.7000,0.272001,0.076544,0.010345,-0.009114,0.065896,0.087191,0.111812,16473.89,21797.82,27952.98,0.163829,-0.560405,0.370181,0.389733
XLI,175.6000,0.152247,0.076250,-0.020938,-0.059433,0.032810,0.041314,0.049331,8202.50,10328.38,12332.82,0.111533,0.505022,0.381705,0.381662
SM,22.0500,0.448241,0.074006,0.015420,-0.013732,0.113318,0.152605,0.200619,28329.39,38151.35,50154.65,0.152640,-0.438982,0.251286,0.310169
SWK,85.2600,0.367290,0.072101,-0.075654,-0.085450,0.092043,0.123526,0.161625,23010.77,30881.39,40406.30,0.114947,0.063040,0.336887,0.353151
AVTR,9.0600,0.549625,0.072044,-0.030773,-0.033581,0.139146,0.187479,0.246595,34786.51,46869.87,61648.79,-0.209424,-0.629599,0.181394,0.221468
RS,316.7400,0.265040,-0.071975,-0.115468,-0.091113,0.063958,0.084488,0.108088,15989.58,21121.99,27022.04,0.070719,0.003842,0.434504,0.325653
HIW,23.1600,0.422625,-0.071468,-0.068741,-0.050151,0.106658,0.143542,0.188536,26664.60,35885.47,47134.09,-0.085319,0.142141,0.324156,0.277769
FXI,38.4200,0.174913,0.070921,0.005832,0.006366,0.039016,0.049853,0.060800,9754.12,12463.28,15200.11,-0.035158,0.677200,0.372199,0.390682
CLSK,10.4500,1.139616,0.070089,0.021447,-0.017429,0.277295,0.367680,0.472535,69323.87,91919.94,118133.67,-0.095238,-0.486487,-0.018996,0.018996
SILJ,37.9800,0.814203,0.069735,0.074503,0.033209,0.203423,0.272614,0.355793,50855.64,68153.45,88948.28,0.383607,4.156695,-0.031930,0.046249
CFLT,30.6400,0.036202,0.069538,0.069609,-0.026614,0.003223,0.002704,0.001719,805.66,675.92,429.75,0.017602,-0.078219,0.364482,0.394812
VWO,59.0100,0.139215,0.069377,-0.025588,-0.030231,0.029263,0.036457,0.042867,7315.64,9114.29,10716.74,0.074276,0.512251,0.381309,0.382275
LQD,111.6500,0.037411,0.068659,0.012137,-0.033398,0.003463,0.002962,0.001945,865.74,740.59,486.24,0.017279,0.132909,0.374125,0.385416
XME,119.4800,0.435901,0.067339,0.036497,-0.029408,0.110117,0.148254,0.194825,27529.31,37063.42,48706.22,0.111132,1.141701,0.261095,0.319832
ZS,155.7000,0.579356,0.066883,0.015251,-0.013317,0.146580,0.197443,0.259592,36645.09,49360.64,64898.04,-0.294102,-0.355813,0.150710,0.206064
RIOT,17.0800,1.068976,0.066851,0.013768,-0.066087,0.261712,0.347881,0.448710,65428.12,86970.20,112177.41,0.206215,-0.016696,-0.012169,0.012169
BTBT,1.8100,0.907195,0.066382,0.013963,-0.015509,0.225086,0.300804,0.391011,56271.43,75201.06,97752.80,-0.112745,-0.423567,-0.017139,0.017139
EAT,144.9000,0.396520,0.066335,0.032825,-0.005089,0.099806,0.134180,0.175991,24951.50,33544.97,43997.77,-0.043691,2.136363,0.290684,0.352682
AWI,172.2100,0.365979,0.066180,-0.021519,0.005079,0.091692,0.123043,0.160972,22923.09,30760.73,40243.00,-0.125171,0.430047,0.322245,0.369895
DECK,119.4200,0.579343,0.065650,0.013999,-0.036387,0.146577,0.197438,0.259586,36644.23,49359.48,64896.54,0.118269,-0.175912,0.153524,0.203271
CROX,93.9700,0.590319,-0.065499,-0.051716,0.056470,0.149307,0.201089,0.264334,37326.74,50272.16,66083.49,0.080736,-0.216133,0.178397,0.161427
SIL,113.2700,0.749150,0.063412,0.071658,0.034962,0.187993,0.252381,0.330223,46998.13,63095.13,82555.64,0.364534,4.099204,0.008253,0.088449
FR,62.5000,0.190255,-0.062558,-0.090452,-0.076586,0.043238,0.055685,0.068691,10809.45,13921.31,17172.67,0.079447,0.246018,0.428112,0.334379
DVN,42.6200,0.313285,-0.062454,-0.107096,-0.091236,0.077384,0.103237,0.133957,19346.09,25809.35,33489.15,0.125429,0.034604,0.419411,0.328436
JACK,16.8700,0.791223,-0.062290,-0.091191,-0.103823,0.197998,0.265515,0.346850,49499.53,66378.83,86712.41,-0.098825,-0.750461,0.046147,-0.013120
URBN,65.4600,0.339294,-0.061737,-0.092059,-0.104304,0.084503,0.113120,0.147491,21125.66,28280.06,36872.86,-0.131139,0.425212,0.397202,0.329290
MWA,29.9000,0.212816,0.061640,-0.032592,-0.065701,0.049467,0.064318,0.080435,12366.78,16079.54,20108.70,0.251909,0.941441,0.386974,0.374877
AEO,24.0400,0.418244,0.061566,-0.011784,-0.071236,0.105513,0.141980,0.186448,26378.34,35495.03,46612.08,-0.083886,0.074692,0.287932,0.320933
RBC,565.4400,0.182426,0.060898,0.022455,-0.013296,0.041082,0.052705,0.064653,10270.49,13176.18,16163.34,0.232459,1.092672,0.374084,0.388611
XLRE,43.4400,0.148091,-0.060583,-0.050626,-0.054455,0.031677,0.039760,0.047258,7919.21,9940.00,11814.51,0.075780,0.215173,0.419906,0.343536
CBOE,291.2700,0.207332,0.060142,0.070222,0.025699,0.047951,0.062214,0.077567,11987.72,15553.59,19391.66,0.173955,0.508271,0.362868,0.399145
CW,698.7200,0.374728,0.059477,-0.024748,0.044306,0.094028,0.126256,0.165316,23507.09,31563.88,41328.95,0.220727,1.949906,0.313479,0.364654
CTRA,29.9000,0.302796,-0.058694,-0.084015,-0.097798,0.074477,0.099181,0.128366,18619.24,24795.33,32091.45,0.124060,0.233511,0.424222,0.332347
SCCO,215.2000,0.676580,-0.057423,-0.070488,-0.086775,0.170501,0.229290,0.300749,42625.29,57322.47,75187.22,0.465923,1.952975,0.127223,0.080009
VNQ,94.8700,0.137807,-0.057166,-0.059921,-0.064041,0.028880,0.035935,0.042176,7220.12,8983.86,10543.89,0.071735,0.222118,0.421486,0.342118
TLT,89.9100,0.088880,0.055403,0.019239,0.005109,0.015825,0.018352,0.019422,3956.33,4588.09,4855.61,0.037044,0.045284,0.374567,0.389062
ALB,195.8700,0.660300,-0.054742,-0.054040,-0.106997,0.166536,0.224032,0.293994,41633.89,56007.97,73498.58,0.360870,0.670817,0.138568,0.093585
WULF,17.9200,1.095986,-0.054592,-0.012696,-0.078604,0.267700,0.355505,0.457916,66924.95,88876.14,114478.93,0.406593,6.658120,0.023413,-0.023413
VALE,17.5300,0.426622,-0.053466,-0.045663,-0.031532,0.107702,0.144964,0.190436,26925.40,36240.98,47608.99,0.322021,0.563415,0.311168,0.284430
CMC,74.5800,0.310022,-0.052965,-0.159729,-0.158317,0.076482,0.101981,0.132227,19120.62,25495.13,33056.63,0.041336,0.396829,0.434300,0.316253
MEDP,438.0800,0.581410,0.052489,0.016791,-0.000956,0.147092,0.198127,0.260483,36772.95,49531.69,65120.65,-0.232812,0.086346,0.151253,0.202344
PODD,248.1200,0.329556,0.052107,0.045156,0.001170,0.081852,0.109447,0.142474,20462.90,27361.75,35618.61,-0.123003,0.469644,0.345483,0.388962
STLD,191.5300,0.388503,-0.050337,-0.145824,-0.149667,0.097687,0.131277,0.172087,24421.74,32819.24,43021.67,0.087868,0.504231,0.367493,0.288644
EWT,77.0600,0.234072,0.049954,-0.052258,-0.062387,0.055355,0.072501,0.091623,13838.82,18125.30,22905.76,0.189748,0.793659,0.392185,0.369007
ATI,160.0200,0.259980,-0.048589,-0.125410,-0.071869,0.062551,0.082525,0.105386,15637.74,20631.23,26346.58,0.342450,2.394570,0.428311,0.332020
TXRH,181.7800,0.244101,-0.048318,-0.060312,-0.053903,0.058138,0.076375,0.096936,14534.60,19093.84,24233.92,0.060808,0.246322,0.416949,0.343916
WTS,330.1300,0.293357,0.047637,-0.063361,-0.065985,0.071845,0.095502,0.123281,17961.36,23875.60,30820.24,0.185046,0.692487,0.393768,0.365381
SLG,37.8100,0.363979,0.046004,-0.084939,-0.066649,0.091157,0.122306,0.159974,22789.25,30576.48,39993.52,-0.194847,-0.113012,0.345577,0.349768
CIFR,16.6100,1.102611,-0.043830,-0.000914,-0.065658,0.269163,0.357364,0.460155,67290.71,89341.08,115038.86,0.025309,3.885294,0.017660,-0.017660
COLD,13.1300,0.521417,0.043225,-0.034741,-0.007771,0.132037,0.177922,0.234071,33009.20,44480.48,58517.79,0.014683,-0.427508,0.208560,0.238196
EEM,63.3100,0.174663,0.043202,-0.039276,-0.038821,0.038948,0.049759,0.060673,9736.98,12439.64,15168.22,0.125711,0.642453,0.390417,0.372470
IREN,44.0300,1.163257,-0.043164,0.015651,-0.053022,0.282456,0.374205,0.480327,70614.03,93551.37,120081.82,0.031147,5.371925,0.013746,-0.013746
GDXJ,147.8500,0.729573,0.042446,0.048308,0.042444,0.183303,0.246206,0.322372,45825.84,61551.60,80592.99,0.306095,3.859119,0.031113,0.095318
CORN,17.7000,0.095800,0.041968,-0.031165,-0.049256,0.017635,0.020751,0.022439,4408.83,5187.70,5609.81,0.003971,-0.078125,0.390976,0.372759
EFA,105.6600,0.132402,-0.039259,-0.095311,-0.097766,0.027416,0.033938,0.039535,6854.01,8484.60,9883.82,0.088829,0.460277,0.425725,0.337949
APA,27.8400,0.402897,-0.038783,-0.044260,-0.080382,0.101487,0.136479,0.179079,25371.64,34119.87,44769.76,0.108231,0.024910,0.330984,0.302238
SITE,140.4100,0.409638,0.037054,0.022525,0.018521,0.103258,0.138901,0.182326,25814.57,34725.31,45581.61,0.122741,-0.151909,0.286763,0.335751
IEF,97.3400,0.039484,-0.036651,0.006285,-0.008101,0.003885,0.003425,0.002362,971.24,856.23,590.62,0.016419,0.116357,0.398996,0.360936
PRCT,27.8400,0.407034,0.036586,0.027102,0.014641,0.102574,0.137967,0.181074,25643.59,34491.68,45268.46,-0.094928,-0.429975,0.288649,0.338001
SBAC,197.1700,0.289751,-0.036218,-0.014537,-0.026602,0.070840,0.094097,0.121340,17710.05,23524.36,30335.02,0.024366,-0.013505,0.403536,0.355745
GDX,111.1600,0.652547,0.035543,0.050071,0.050896,0.164641,0.221518,0.290759,41160.37,55379.38,72689.66,0.296629,3.315498,0.090533,0.153505
CHRD,103.7000,0.358395,-0.034387,-0.046785,-0.047787,0.089659,0.120243,0.157178,22414.83,30060.64,39294.40,0.095268,-0.270082,0.362546,0.341760
USO,79.7300,0.330727,-0.033968,-0.010235,0.007378,0.082171,0.109890,0.143080,20542.76,27472.52,35770.11,0.156178,0.095343,0.373742,0.359745
REXR,37.3500,0.282844,-0.033883,-0.079859,-0.055924,0.068915,0.091408,0.117627,17228.86,22852.04,29406.83,-0.043044,-0.206175,0.415806,0.343723
HUT,55.3000,1.091820,0.033335,0.025789,-0.032928,0.266779,0.354333,0.456503,66694.65,88583.22,114125.86,0.078603,4.997831,-0.008909,0.008909
KRC,31.5200,0.308499,0.032450,-0.018426,-0.079772,0.076061,0.101392,0.131416,19015.20,25348.10,32854.07,-0.170963,0.005738,0.385138,0.366680
EXAS,103.2700,0.024792,0.032328,-0.014277,0.025654,0.001241,0.000768,0.000289,310.21,191.93,72.34,0.015038,0.795688,0.379550,0.376562
BHP,81.6800,0.360432,-0.031870,-0.048828,-0.035496,0.090206,0.120996,0.158200,22551.57,30249.10,39549.94,0.322539,0.535776,0.359359,0.341676
GLD,473.4200,0.489011,-0.031561,-0.000584,0.001215,0.123799,0.166809,0.219438,30949.76,41702.19,54859.45,0.188661,1.515516,0.246553,0.250841
DENN,6.2500,0.021823,0.028822,0.045859,0.044273,0.000841,0.000448,0.000130,210.33,112.12,32.38,0.006441,-0.324324,0.368956,0.385979
SOYB,23.7400,0.099584,-0.026163,-0.131752,-0.073368,0.018632,0.022078,0.024125,4657.93,5519.59,6031.22,0.087993,-0.012479,0.425526,0.338246
CLF,10.7900,0.824847,-0.025970,-0.010710,-0.079233,0.205925,0.275884,0.359903,51481.32,68970.88,89975.65,-0.206618,-0.467160,0.016022,-0.005961
PLAY,14.9900,0.674604,0.025616,-0.003760,-0.044796,0.170021,0.228653,0.299932,42505.16,57163.30,74982.96,-0.120305,-0.762591,0.093767,0.116488
CYBR,408.8500,0.351221,-0.024547,0.034127,0.002886,0.087729,0.117580,0.153562,21932.21,29394.89,38390.53,-0.060806,0.584936,0.348648,0.367189
UGA,71.4900,0.302320,-0.022971,-0.012630,0.003503,0.074345,0.098996,0.128110,18586.16,24749.11,32027.61,0.166993,0.080562,0.394842,0.362124
WOOD,78.5255,0.200773,-0.021618,-0.041114,-0.044952,0.046139,0.059702,0.074147,11534.75,14925.59,18536.73,0.077759,0.071901,0.407168,0.355034
EWJ,92.4400,0.192939,0.021212,-0.036583,-0.096349,0.043978,0.056709,0.070080,10994.39,14177.23,17519.89,0.136604,0.433496,0.401029,0.361390
MTDR,49.7500,0.373739,0.021046,-0.110611,-0.088190,0.093765,0.125893,0.164827,23441.20,31473.33,41206.63,0.147371,-0.154180,0.350006,0.329708
DLR,179.5900,0.226047,0.020229,0.042280,-0.045155,0.053130,0.069407,0.087387,13282.60,17351.73,21846.70,0.158421,0.383942,0.383839,0.377607
TECK,61.4300,0.553818,-0.018980,-0.027986,-0.073302,0.140198,0.188891,0.248440,35049.50,47222.80,62110.10,0.278992,0.619393,0.204449,0.191903
TTC,99.0100,0.180586,-0.018917,-0.101314,-0.065585,0.040576,0.052005,0.063708,10143.95,13001.37,15926.92,0.235001,0.108671,0.417856,0.344886
POOL,214.7500,0.510707,-0.018475,-0.095296,-0.078209,0.129323,0.174265,0.229265,32330.72,43566.33,57316.22,-0.065126,-0.427855,0.248467,0.214999
QLYS,91.2400,0.615029,0.016902,-0.057308,-0.075141,0.155425,0.209254,0.274925,38856.16,52313.57,68731.30,-0.303565,-0.449034,0.152736,0.148967
BLDR,102.6300,0.439319,-0.016465,-0.077163,-0.055817,0.111005,0.149462,0.196435,27751.27,37365.42,49108.63,-0.019115,-0.461090,0.299037,0.276492
WES,40.9800,0.233987,-0.015975,-0.014160,0.004007,0.055332,0.072468,0.091578,13832.89,18117.05,22894.46,0.054875,0.454795,0.396314,0.364880
INSP,59.2500,0.714489,-0.015973,-0.024372,-0.042947,0.179676,0.241422,0.316273,44918.90,60355.42,79068.21,-0.357863,-0.674915,0.076635,0.072747
BNO,33.6500,0.312511,-0.015544,-0.007079,0.008040,0.077171,0.102940,0.133547,19292.65,25734.89,33386.71,0.191150,0.134142,0.383384,0.365104
COPX,95.0600,0.559505,-0.013597,-0.036636,-0.050392,0.141623,0.190803,0.250937,35405.76,47700.64,62734.18,0.301122,1.771882,0.197697,0.189830
LAC,5.1100,0.832821,0.012795,0.000481,-0.022365,0.207796,0.278326,0.362968,51949.09,69581.46,90742.01,0.071279,0.158730,-0.001035,0.007906
RVMD,103.2400,0.598797,0.011329,-0.032501,-0.075644,0.151410,0.203899,0.267983,37852.61,50974.66,66995.76,0.306505,2.398288,0.162973,0.163758
S,12.9200,0.524943,-0.010507,-0.005745,-0.034025,0.132929,0.179122,0.235647,33232.13,44780.60,58911.83,-0.117486,-0.538901,0.217521,0.223739
DTM,137.2800,0.166249,0.009340,-0.054051,-0.049146,0.036639,0.046577,0.056387,9159.82,11644.18,14096.70,0.134639,1.596082,0.402228,0.360853
HESM,38.1700,0.174750,-0.009076,-0.052271,-0.044468,0.038972,0.049791,0.060717,9742.92,12447.84,15179.27,0.125425,0.303174,0.405999,0.356886
CCI,86.0400,0.431557,-0.008818,-0.001449,0.017004,0.108987,0.146715,0.192774,27246.83,36678.86,48193.42,-0.029989,-0.093718,0.284618,0.303175
COMT,27.7268,0.222982,-0.008176,-0.011958,-0.008649,0.052281,0.068227,0.085773,13070.30,17056.65,21443.15,0.114063,0.221554,0.395474,0.366068
PDBC,14.7100,0.235124,0.008014,-0.003046,-0.001613,0.055647,0.072907,0.092179,13911.77,18226.80,23044.84,0.107681,0.205525,0.389194,0.371964
VNO,28.6200,0.318995,0.006935,-0.084481,-0.093671,0.078958,0.105427,0.136966,19739.44,26356.86,34241.56,-0.144395,0.173406,0.394271,0.348856
SLV,80.0400,1.333531,-0.006424,0.000376,-0.012829,0.318834,0.419753,0.533842,79708.57,104938.33,133460.56,0.217338,2.881668,0.002833,-0.002833
BXP,60.3000,0.337935,0.006212,-0.065752,-0.073404,0.084134,0.112609,0.146795,21033.39,28152.34,36698.64,-0.110882,0.046547,0.374276,0.353324
ATKR,65.0200,0.294318,0.005499,-0.025446,-0.074091,0.072113,0.095877,0.123799,18028.37,23969.28,30949.69,0.014178,-0.582283,0.399408,0.359706
WSC,21.8700,0.468618,0.005344,-0.028369,-0.064923,0.118573,0.159737,0.210084,29643.37,39934.21,52521.12,0.123267,-0.539298,0.264104,0.265281
EWY,148.8900,0.358078,-0.005266,-0.039964,-0.035411,0.089574,0.120125,0.157018,22393.53,30031.27,39254.57,0.456564,1.427950,0.353260,0.351556
PICK,64.4200,0.358483,0.004577,-0.027767,-0.041028,0.089683,0.120275,0.157222,22420.74,30068.78,39305.44,0.230328,0.745107,0.349206,0.354959
ANF,95.9100,0.449096,0.004476,0.001378,-0.031642,0.113539,0.152906,0.201018,28384.71,38226.52,50254.59,-0.224907,-0.240076,0.271892,0.288215
RIO,100.7800,0.363746,0.004456,-0.002453,0.003536,0.091095,0.122220,0.159858,22773.65,30554.99,39964.43,0.237627,0.773477,0.336760,0.358959
EQIX,960.5200,0.352884,0.004335,0.013818,-0.058038,0.088177,0.118198,0.154403,22044.24,29549.52,38600.64,0.257044,0.142305,0.349228,0.363934
XLB,53.0600,0.182970,-0.002912,-0.048660,-0.074806,0.041231,0.052911,0.064933,10307.87,13227.81,16233.20,0.150477,0.276776,0.406848,0.355833
AM,22.2800,0.184650,0.002578,-0.096138,-0.063209,0.041694,0.053550,0.065798,10423.48,13387.59,16449.45,0.256993,0.883157,0.411416,0.351222
VIRT,40.7500,0.359360,-0.002265,0.089037,0.031216,0.089919,0.120600,0.157662,22479.64,30149.97,39415.54,0.250000,1.541193,0.325467,0.377289
MAS,71.8600,0.370233,-0.001550,-0.070309,-0.078480,0.092830,0.124607,0.163089,23207.38,31151.87,40772.16,0.119399,-0.012399,0.351444,0.333880
DBC,24.7500,0.236938,0.000773,-0.001863,-0.003248,0.056150,0.073607,0.093139,14037.57,18401.87,23284.78,0.105404,0.228294,0.390961,0.370139
XLE,54.8700,0.203528,0.000025,-0.015193,-0.049232,0.046900,0.060757,0.075582,11724.97,15189.25,18895.49,0.201971,0.358295,0.398257,0.363866
